{
  "Sun": {
    "position": [
      -0.005730606324378153,
      -0.00491055708277207,
      0.0001795094577858112
    ],
    "velocity": [
      7.160788611314778e-06,
      -3.666546272590425e-06,
      -1.176972196034231e-07
    ]
  },
  "Mercury": {
    "position": [
      -0.3930336148500469,
      -0.1666347517169735,
      0.02248723485902817
    ],
    "velocity": [
      0.005031590985068973,
      -0.024747119857035,
      -0.002483041558403887
    ]
  },
  "Venus": {
    "position": [
      0.44768815914942,
      0.557305522213283,
      -0.01826185079464067
    ],
    "velocity": [
      -0.01579911349143828,
      0.01260639609552168,
      0.001085100185838057
    ]
  },
  "Earth": {
    "position": [
      -0.1844140472974828,
      0.962072238294683,
      0.0001284152186349546
    ],
    "velocity": [
      -0.01719757779305811,
      -0.003197199735579798,
      -1.122400455364092e-07
    ]
  },
  "Mars": {
    "position": [
      -0.5274164728925161,
      1.520324019719684,
      0.0449351074953949
    ],
    "velocity": [
      -0.01270467411479051,
      -0.00334250613266488,
      0.0002416611203585337
    ]
  },
  "Jupiter": {
    "position": [
      1.050302939252324,
      4.966541604941111,
      -0.04409855432676144
    ],
    "velocity": [
      -0.007469111612367896,
      0.001920799528808175,
      0.0001591398359241618
    ]
  },
  "Saturn": {
    "position": [
      9.45533666517644,
      -1.769525277925947,
      -0.3456968909591847
    ],
    "velocity": [
      0.0007165415690664376,
      0.005471430990255198,
      -0.000123352294215999
    ]
  },
  "Uranus": {
    "position": [
      11.09789820880128,
      16.08957335509925,
      -0.08401882312746477
    ],
    "velocity": [
      -0.003266567450208665,
      0.002049861782622937,
      4.996819331008718e-05
    ]
  },
  "Neptune": {
    "position": [
      29.87419674943718,
      -0.6390985521271113,
      -0.6753202855837556
    ],
    "velocity": [
      4.657674111212642e-05,
      0.003156723229456242,
      -6.648766294387875e-05
    ]
  }
}